[
    {
      "name": "General Settings",
      "settings": [
        {
          "type": "image_picker",
          "id": "store_logo",
          "label": "Store Logo",
          "info": "Upload your store logo"
        },
        {
          "type": "color",
          "id": "theme_color",
          "label": "Theme Background Color",
          "default": "#2E2E2E"
        },
        {
          "type": "color",
          "id": "button_color",
          "label": "Button Color",
          "default": "#FF5722"
        },
        {
          "type": "color",
          "id": "font_color",
          "label": "Font Color",
          "default": "#FFFFFF"
        }
      ]
    },
    {
      "name": "Printify Integration",
      "settings": [
        {
          "type": "text",
          "id": "printify_api_key",
          "label": "Printify API Key",
          "info": "Enter your Printify API Key for integration"
        }
      ]
    },
    {
      "name": "Header Settings",
      "settings": [
        {
          "type": "checkbox",
          "id": "show_search",
          "label": "Show Search Bar",
          "default": true
        },
        {
          "type": "text",
          "id": "header_text",
          "label": "Header Title",
          "default": "Welcome to Steadfast Roots"
        }
      ]
    },
    {
      "name": "Footer Settings",
      "settings": [
        {
          "type": "checkbox",
          "id": "show_social_icons",
          "label": "Show Social Media Icons",
          "default": true
        },
        {
          "type": "text",
          "id": "footer_text",
          "label": "Footer Text",
          "default": "© Steadfast Roots. All rights reserved."
        }
      ]
    }
  ]
  